Date,Temperature,Humidity,Rainfall,Wind_Speed
2023-01-01,28.973713224089863,31.103440592848003,0.0,16.821791714951996
2023-01-02,23.89388559063052,84.85792839362995,0.0,2.0287294634059787
2023-01-03,30.18150830480554,37.06506497340847,0.0,23.78726775441968
2023-01-04,37.184238851264205,64.59098853085521,0.0,20.96229584607562
2023-01-05,23.126773002213312,46.44331324123236,0.0,20.127257962391568
2023-01-06,23.126904344406555,63.2506801509476,0.0,20.574595126044187
2023-01-07,37.63370252405913,69.08522330111185,0.0,23.317762703319033
2023-01-08,31.13947783322327,79.7845082224321,0.0,13.606349152842443
2023-01-09,21.244204912520384,42.3852763056362,0.0,5.007050446690648
2023-01-10,29.340480348687716,30.659749719508827,0.0,15.419590196313528
2023-01-11,21.292658457500302,38.213137804128436,0.0,18.572037341698476
2023-01-12,21.274161971437945,84.0011185108863,0.0,18.447934833850635
2023-01-13,26.935698172528273,82.43340465375091,0.3811700467333151,13.036225604172003
2023-01-14,9.693758042737617,65.8447861302185,0.0,1.7114679833394515
2023-01-15,11.200657339895738,66.0310116260192,0.0,9.277823460753195
2023-01-16,20.501699766072218,69.90220047277532,0.0,23.019165211583932
2023-01-17,16.89735103732461,40.522276717406974,0.0,14.61122274393565
2023-01-18,27.51397866076219,84.8647167554976,0.0,13.458298581392835
2023-01-19,17.735807395830314,55.12623149352439,0.0,6.721337859554838
2023-01-20,13.701570389317668,52.98831169496985,3.961213086672902,9.211222997914472
2023-01-21,36.72519015137243,61.13506231697025,0.0,22.38365222882923
2023-01-22,23.193789596107713,32.817958006503304,0.0,16.661576188170894
2023-01-23,25.54022563750339,39.97700212536476,0.0,19.68467566880832
2023-01-24,13.602014510292346,74.28201698558223,0.0,11.358635576691379
2023-01-25,20.64493820379854,34.967920075507585,0.0,15.756180486403949
2023-01-26,25.88738071767893,66.1891265679833,0.0,6.209590218580188
2023-01-27,15.792051380621578,44.72094658087926,1.0171996313391356,17.63652075708716
2023-01-28,28.005584146765376,53.35773684251859,0.0,10.690033342583433
2023-01-29,20.194890480649562,47.32162420624199,0.0,11.06363787036864
2023-01-30,22.666450001653786,51.34036298789695,0.14121472540822042,16.233058114422043
2023-01-31,20.186347102164824,73.14275431105473,0.0,23.407015536723165
2023-02-01,39.818225476071504,47.8273029373905,0.2904360646571272,1.600158665215523
2023-02-02,24.892022202096527,63.98427841781383,0.0,20.61858093367519
2023-02-03,16.538312568352797,58.56302413194598,1.5949255331162457,7.309577760304828
2023-02-04,31.580359296825513,69.8202699217589,0.0,11.097986362659446
2023-02-05,15.233250800231822,86.20978435948548,1.1330215820164997,0.5478332193752239
2023-02-06,26.670908760038042,73.95432583261501,0.7473984566614081,7.526151945857825
2023-02-07,9.322639008961795,42.896422715445404,0.0,12.565781065753262
2023-02-08,14.374511608812556,31.87098810367708,1.1578937812530967,1.4044019336859752
2023-02-09,26.574889886952988,45.73584265798951,0.0,12.27739323457913
2023-02-10,30.907732639963285,65.70467584201529,0.0,23.177765721460684
2023-02-11,26.370946249519765,33.08554880905502,0.0,2.6348304526951303
2023-02-12,24.074813740894076,59.781974832074184,0.0,19.11101820188761
2023-02-13,22.59117043528569,65.81057093501335,0.0,10.241776334399816
2023-02-14,13.171824077060581,50.05463344901765,0.0,16.37934286310845
2023-02-15,19.24124633284233,76.25473222474932,0.0,6.505914949630734
2023-02-16,21.3148898323217,36.39589518802631,3.0351909864478603,3.987306563533957
2023-02-17,33.45697780975132,34.50826690414853,1.2316332441827726,4.011565356780661
2023-02-18,27.74894631654769,73.6913253722162,0.0,1.7622986410786163
2023-02-19,10.895678757098128,59.72947897237191,0.0,4.641167622531076
2023-02-20,27.59267175515836,71.30414378566417,0.0,16.605484624724205
2023-02-21,21.919341756669468,56.089640316224774,0.0,22.042265296087702
2023-02-22,19.58462399755233,44.78412199434641,0.0,20.353142139779045
2023-02-23,29.893410310726942,79.14613906045199,0.0,17.128357746862104
2023-02-24,33.24799617996761,77.96495273813875,0.0,2.760796585277567
2023-02-25,32.45024095292959,71.6817882512656,0.2588168120480187,7.229686157398746
2023-02-26,,46.32870823379776,0.0,7.745171883061724
2023-02-27,22.526300993190283,65.41384001214523,0.0,6.24892365994053
2023-02-28,27.65010745122851,51.65843381640161,0.0,12.875141492743078
2023-03-01,32.80436101697887,35.49492439959805,0.0,13.388845371991815
2023-03-02,21.16660609723768,85.03881452773456,0.0,8.922149379277755
2023-03-03,23.514728186689464,38.209117855137684,0.0,8.8447289684109
2023-03-04,16.149320207951774,87.01424122924814,0.0,20.713889947652035
2023-03-05,15.430347007354634,56.76034637747735,0.0,19.73232120799214
2023-03-06,31.500206579153584,41.10797573031718,0.7312976661739705,7.694895792018642
2023-03-07,35.84992022856658,62.514056842701486,1.9557782856380472,22.84471109683148
2023-03-08,24.42391902735733,82.37675015258449,0.0,23.82037542506265
2023-03-09,33.02826318313619,73.93349318457368,0.0,8.16856355075102
2023-03-10,27.893088200381072,78.39366887168698,0.0,8.860623719826371
2023-03-11,19.839041963159005,69.52700200264304,0.0,12.64085383554897
2023-03-12,27.891164844067312,71.53659387107115,0.0,23.528020313341838
2023-03-13,37.304292531727754,80.95173909391916,0.0,21.907985828557788
2023-03-14,24.71339168712039,44.98008053155115,0.0,2.564199064589745
2023-03-15,37.51714924651205,59.36549781858843,0.0,9.818268581785405
2023-03-16,4.042039167282045,43.27256650917613,0.0,13.834279743744297
2023-03-17,31.57522003500179,89.26008047979883,2.6456206457185565,12.5783118137885
2023-03-18,25.69637654590537,86.64356038119679,2.9333166523403835,4.846576698422317
2023-03-19,22.60794119627306,32.365608682110356,0.022185120043067726,21.470419279203867
2023-03-20,25.73408621228402,72.33451035094131,0.0,16.923519574920935
2023-03-21,9.099448683192858,85.51489904493995,1.3130294420763213,20.94770937129509
2023-03-22,23.242624897299905,40.83452070764001,0.0,21.469106983736804
2023-03-23,27.85690057209397,64.07671383315777,0.6017054080436526,18.708896341643495
2023-03-24,36.82315235793213,84.92929785528251,0.0,10.980265031242933
2023-03-25,20.85383825381082,32.03675871514793,0.29493543466777855,15.263668875385614
2023-03-26,18.532051176854498,71.84521603481039,0.0,4.009135152993578
2023-03-27,20.98594365132371,47.840940442353045,0.48465751215378755,16.841135436872694
2023-03-28,32.32321694161659,85.46377172259182,0.02438966049755524,4.4813313934820185
2023-03-29,27.630008877277476,88.26349470992207,0.0,17.34873976275392
2023-03-30,20.76191836986369,86.65598934680604,0.0,5.739954018849216
2023-03-31,,58.45285299944783,3.2343063159230945,2.9387825037554993
2023-04-01,25.776620394784324,81.72255905935882,0.0,4.132112253573935
2023-04-02,32.74915992426311,80.67296391210422,1.338291248222336,0.0498033804767567
2023-04-03,19.38357524898118,49.146028394595334,0.0,17.968490446338254
2023-04-04,22.378702827217854,79.73492844904064,0.0,18.310026226459478
2023-04-05,21.86313477494274,32.220458082929554,0.0,12.873333747831486
2023-04-06,13.291880414943051,65.77619270892319,0.0,4.034070026384592
2023-04-07,27.368962216516607,43.80053023726218,0.20646463217324765,2.088858437767244
2023-04-08,27.088442177439113,37.23401314663673,0.0,0.47822416093217524
2023-04-09,25.040907653139687,34.61719209775255,0.0,4.143704424130518
2023-04-10,23.123302932998826,71.77732655268838,0.0,22.271388374578667
2023-04-11,13.677034063596686,50.39249782608397,0.0,6.038421042542044
2023-04-12,21.63483741787713,73.48600629172569,1.2925963865832355,8.85678318043039
2023-04-13,22.258283867785845,33.92138044793654,0.9428517928431852,2.6336371120333295
2023-04-14,18.58178184622705,48.91742026983662,0.0,5.559032618704257
2023-04-15,23.709714306671927,62.36947754252023,1.2303243218338464,12.980614269505129
2023-04-16,28.232406854516306,77.44338989033781,3.074388403788928,15.193817077391314
2023-04-17,40.08948720968424,49.12515017592419,0.0,6.133807854155276
2023-04-18,26.39662250265471,67.55348258622055,6.2171161260445995,1.4433039806279302
2023-04-19,,83.15866489417124,0.0,9.775821728184967
2023-04-20,24.404432673870662,66.95179129093827,0.0,5.8550842731583534
2023-04-21,9.649830277607668,43.97756848521803,2.330367869362041,5.488848080745049
2023-04-22,24.787888996406267,31.464046893392283,0.0,23.99657006783638
2023-04-23,25.481841679528213,82.2059324340558,0.5878580804979554,15.407512148143102
2023-04-24,44.70593689988229,31.27616465102323,3.676087452381157,13.921961079302397
2023-04-25,23.46111228175102,82.48210036105196,0.0,10.394377588083048
2023-04-26,27.4123787386689,61.73622804163272,4.640724186080744,10.723608335753607
2023-04-27,24.722305842358054,86.34406191077377,0.0,13.522625095952021
2023-04-28,15.650575699043744,77.92699414641993,0.0,17.41074517590268
2023-04-29,34.142582516120164,89.87604663200025,0.0,17.553652404545737
2023-04-30,31.015464261494195,51.04270892710261,4.509833796118041,4.292347692636239
2023-05-01,31.328255576344375,76.0312973358676,0.0,12.502818801915675
2023-05-02,17.72490036164209,54.11585481655453,0.0,10.298952375852549
2023-05-03,36.22235448748879,58.79253721823453,0.0,21.763174156734603
2023-05-04,13.785191497661753,67.6503277931022,1.4613160839784363,15.78547303045941
2023-05-05,29.694856750402163,82.42062685118032,0.0,13.312601660399546
2023-05-06,42.523645006479825,89.04500815195772,0.0,2.8848660544729343
2023-05-07,17.075709398954494,76.0964048318711,0.0,15.140947233085287
2023-05-08,20.469618163177824,55.066006930040025,0.0,2.9300976420058356
2023-05-09,25.79721092070113,55.281420136624206,0.0851322388327087,8.430164389143801
2023-05-10,20.972194767070405,74.25493809533349,0.0,3.5710491203582966
2023-05-11,12.594692551470938,44.32662874609814,0.0,17.301841175609223
2023-05-12,25.54850379844822,36.62844678788368,0.14962885926925268,5.156302845903815
2023-05-13,16.50157029019116,51.27732945844659,0.0,9.79648432970065
2023-05-14,28.788739445081454,47.2343394992449,0.024364760019591942,22.391869440469467
2023-05-15,17.644606126129574,47.778487227359406,0.0,5.107909584974257
2023-05-16,37.39947524014032,44.0164650629946,2.6750720860313217,12.695126598969479
2023-05-17,18.733973661310102,32.525591378181716,0.0,10.48179152915055
2023-05-18,22.423507870354594,31.072436084004828,0.0,0.4531010261432433
2023-05-19,31.50813773895736,89.26334338416189,0.8606529013337602,19.81895283932032
2023-05-20,15.153085468528358,55.66638802415174,2.9802323994633007,1.7261476578649932
2023-05-21,26.819679476833034,53.0595988295809,2.1656980352570065,11.85637552442384
2023-05-22,35.45714203425943,70.77883696158419,0.0,14.016957373473748
2023-05-23,12.14013412351018,43.09523327190385,0.3825857629100438,15.710661415364676
2023-05-24,26.477070868258433,86.99767103701352,0.20715898238867897,17.215790732696888
2023-05-25,27.07906235398739,77.18070086493313,0.0,6.331809588067877
2023-05-26,31.254582974218483,35.36466013873557,2.8910075984474317,0.24946941646123433
2023-05-27,15.104394312975344,55.0548465470957,0.6158958991071806,18.0860915588728
2023-05-28,14.43634709532579,82.74709845372988,0.0,13.391414983689465
2023-05-29,29.175532524935182,86.68392133748462,0.0,20.902942580181218
2023-05-30,27.37587738586549,58.044090674992184,0.0,20.53470907251736
2023-05-31,27.003942802767014,66.80468335264246,0.0,21.08315419469708
2023-06-01,27.771585675975807,40.02203676552451,0.0,12.127366499488504
2023-06-02,19.559802227372074,89.4701175682186,0.0,8.340709895921641
2023-06-03,26.85802957728803,43.90030208300661,0.0,19.78895506478425
2023-06-04,27.34457978638945,86.56390644810753,0.0,11.282352825731373
2023-06-05,19.285188655789057,68.97879893954212,0.0,4.5860549100858625
2023-06-06,39.926196089158054,66.46420769273155,1.909091256958961,21.374350489036857
2023-06-07,28.7906633672943,60.76131066099052,2.9800571166818353,22.063996919308682
2023-06-08,15.469572022378811,43.84018870306552,0.0,11.657743903504253
2023-06-09,30.252428869070638,40.591681920330494,1.5113312553729448,1.8924931827446867
2023-06-10,17.202546638181428,43.22917254421052,0.0,9.695652247923281
2023-06-11,31.296676829939617,41.18629572865527,0.0,20.088441486565085
2023-06-12,34.26876463205923,76.7750684140052,0.0,22.544350713655717
2023-06-13,18.434541453186316,51.0075155500038,0.0,5.086818562439896
2023-06-14,32.70700903395458,33.47056059380378,7.821081145434436,1.674340300631788
2023-06-15,28.302247415491987,88.14615780844868,1.84201160893896,21.933761328320966
2023-06-16,31.57648127995592,83.02715309780554,0.0,9.735123474471882
2023-06-17,40.17434386123158,85.66513699171279,0.0,13.544024106689081
2023-06-18,23.036895071977035,89.69446935878611,0.0,24.20164530126897
2023-06-19,18.970110685140085,40.433714953169236,0.0,1.6641181978555712
2023-06-20,17.883884562995814,53.77452113415953,0.0,16.20795018630239
2023-06-21,18.473517720276494,75.49430854224548,0.0,1.8526355643716768
2023-06-22,24.383186324687166,71.76123708322754,5.2645030128484125,9.38672321166251
2023-06-23,27.72921579853315,39.233754380391304,0.5087927757418879,20.095363629836168
2023-06-24,27.21352639464015,78.94998749943707,0.0,10.83680581889086
2023-06-25,31.61746599228819,43.46643431019964,1.131538453437462,24.92955884757376
2023-06-26,25.104015135023257,43.42905688935738,0.0,13.976482123665054
2023-06-27,36.62827261725853,62.218465373604815,0.0,8.029053815898838
2023-06-28,22.882745334096352,65.57639609050219,0.0,5.502783147618828
2023-06-29,46.76135333271695,64.80517247026867,0.0,8.763013357154046
2023-06-30,30.00533878212005,35.489210243865294,0.2590818760099047,9.31333184398877
2023-07-01,18.142739548669738,82.64765175782281,0.0,1.7178419430990244
2023-07-02,16.432860015511103,45.93600255532236,0.0,9.23935498566933
2023-07-03,28.85977932194548,37.77089527696825,0.0,11.605962993480624
2023-07-04,23.21229771739319,83.32488479213863,0.0,18.068443805970116
2023-07-05,30.712003952736737,87.3390898937852,3.385062375549441,16.4182371180402
2023-07-06,28.78590099658836,81.72765703592704,0.0,17.719141380728857
2023-07-07,24.41736869874502,78.57096448349269,0.0,0.20909204692142747
2023-07-08,18.22565025545276,69.3145188383413,0.0,5.441684989513401
2023-07-09,12.881222202513083,63.05144223654836,0.0,16.542107209996413
2023-07-10,21.42788038346383,35.21920559468461,0.0,12.099734204493679
2023-07-11,31.85119035458778,54.50719278424192,0.0,0.13283689170864865
2023-07-12,26.71274995304163,52.36131102073884,0.0,20.11236606079556
2023-07-13,15.034089770304096,45.585227025619574,2.6075176038695136,19.320239332258435
2023-07-14,26.385447406809455,73.40520682131509,2.9962175077311857,13.710479074839066
2023-07-15,28.082539037830696,59.75254410472625,2.1351683813684184,1.661583144406803
2023-07-16,17.929140510390937,34.862772954458876,0.0,19.162876238314617
2023-07-17,26.229800847564224,43.21099211698868,0.0,14.592839693284098
2023-07-18,25.465669747568,70.99552581957576,0.0,19.548999428948978
2023-07-19,,34.56785156941801,5.541598776014865,18.79367480989601
2023-07-20,27.862298882786266,81.07241484292612,0.0,20.07505179894593
2023-07-21,29.486276210945874,59.70879162083846,0.0,12.95020166011562
2023-07-22,33.66440994540221,58.83519463959888,0.0,3.5081129548378747
2023-07-23,33.43041641627922,65.54446707957106,0.0,16.778936834492217
2023-07-24,13.978645056343272,79.48085795550895,0.0,15.511844626299265
2023-07-25,17.497399680679017,50.86855247413158,0.0,18.55632967997718
2023-07-26,29.120282137669278,70.68096915354381,1.409843227679058,4.2470251512683825
2023-07-27,29.11028760729767,63.94391783974746,0.0,4.874379997507231
2023-07-28,29.120381490448384,46.02169621016528,0.0,22.26023793048321
2023-07-29,55.821851925237766,82.71779918130949,0.0,18.74944496130177
2023-07-30,29.567124085545338,77.8455612964157,0.0,22.705712217508072
2023-07-31,34.08452512144479,69.50711007950554,0.0,18.96788302909802
2023-08-01,32.63201410794562,81.03490374565452,0.706357700003241,14.928882649757547
2023-08-02,30.211130010446382,82.03765205758813,0.0,16.35331842569684
2023-08-03,22.477846042877236,72.50177860290208,2.335187262193625,22.228198098500247
2023-08-04,31.07175376394614,80.22079970182033,0.0,14.470168862798513
2023-08-05,18.817398283699426,71.84828770015702,0.0,15.809783108209686
2023-08-06,23.10545114607993,70.80844630561802,2.8636007591710517,3.9119179000900144
2023-08-07,21.117091617367173,67.11668269291106,0.0,11.848030502902567
2023-08-08,25.65499311509058,75.16299837345846,0.0,17.909927798952474
2023-08-09,43.51726853338807,39.51630631758442,0.0,6.773567457909135
2023-08-10,10.061878459266016,82.85224555193571,0.0,5.056354513113373
2023-08-11,30.490081522996107,82.31061166471392,2.5926273712225716,7.845670205610389
2023-08-12,12.098273030482787,31.75483698207355,0.0,6.037515699820836
2023-08-13,21.22454507368453,79.54900503388576,0.20889541942218554,5.372815925909896
2023-08-14,33.71160477573893,37.73219204840671,1.0266385134428386,10.621271071702173
2023-08-15,25.5142401527637,50.10713125554851,0.0,22.695962847088353
2023-08-16,16.378041776565553,74.61049537749646,0.4564017225231275,12.676491168467956
2023-08-17,19.277570325920255,39.64559376289849,0.0,4.698009520383076
2023-08-18,30.436781991477407,79.07802144714373,2.641547365136271,1.924291734521852
2023-08-19,19.15706694626291,79.92805067746451,0.0,17.40390362844813
2023-08-20,26.7316687166558,60.44806402565017,0.0,9.569969110909696
2023-08-21,25.36457471923051,30.383152303010014,0.0,20.54577366463398
2023-08-22,19.787197219153462,47.22228799049476,0.0,16.487769216019256
2023-08-23,42.1515527146026,67.01561510254453,0.0,19.90603626353421
2023-08-24,30.07135217854409,88.87117068164541,0.010486671668489952,6.798650985461219
2023-08-25,8.798859306739143,67.9088116210001,0.0,17.30897306152645
2023-08-26,26.491634518155422,45.588214863849586,0.0,6.601549617342969
2023-08-27,19.705708281852896,68.04034218597668,2.738746922706088,23.47671198625729
2023-08-28,31.819466678369793,62.39912278295133,0.0,15.90935703833436
2023-08-29,,76.79072370906862,6.343673439119572,8.112795004383552
2023-08-30,24.082108468264806,36.4188383296175,0.9175442825792067,6.737796557306816
2023-08-31,29.039898231843658,75.66167415012168,0.7918166886067127,4.773164626791088
2023-09-01,31.92604155336097,62.47599472056662,0.3224232166702378,17.366023972343196
2023-09-02,15.39762874355379,87.77952023153968,0.0,5.467890324948183
2023-09-03,22.323990113272412,50.51232996232116,0.0,14.882581648187227
2023-09-04,21.20043751071235,67.9573135880369,11.217492461418113,6.615875673133933
2023-09-05,19.773366139410307,85.92168633060105,0.0,16.549223619846714
2023-09-06,39.12363392224877,36.15058367944076,0.0,20.37349321351348
2023-09-07,28.239853687687646,86.23370923418707,0.0,19.45063107861633
2023-09-08,14.912928365319639,71.27314333804881,4.346551358926028,19.021283273269542
2023-09-09,32.34289557643821,34.07022354631032,0.0,4.693060142306302
2023-09-10,41.977249576101066,48.057814016808976,0.0,2.209623674612968
2023-09-11,33.25972208440918,72.4903253187169,0.0,17.47372071218464
2023-09-12,12.845040272367893,34.041036088126305,0.0,9.208680344858783
2023-09-13,21.126127417069988,64.9302276105764,0.0,10.808655660083682
2023-09-14,35.13528919349298,50.752983417177404,0.0,0.7787273198347766
2023-09-15,19.338644275049752,67.25493106604863,0.0,6.48941123187623
2023-09-16,28.550555425169826,32.74452202875077,3.1616749762215917,0.8419100968616006
2023-09-17,31.197072427434694,82.29220836914257,0.0,21.97964431503119
2023-09-18,17.584556227375337,88.4093381506438,1.7744459787556734,6.084917080463262
2023-09-19,24.5237971515056,88.13267131714149,1.3115983237872229,13.933429239325202
2023-09-20,-0.9301387205525806,74.97910990457548,0.0,0.9744830165282603
2023-09-21,16.804898869325683,37.80517440783792,0.0,16.67118478264145
2023-09-22,22.979454788854717,75.49579175574135,0.0,8.075683643852347
2023-09-23,15.017734544281204,31.47521498752809,1.6487206412057611,22.447979673941646
2023-09-24,38.05929043145308,31.327413091739835,0.0,22.202954723350896
2023-09-25,13.558868976314939,49.41661314897247,0.0,8.132265459043694
2023-09-26,21.47964410642413,59.318591424279944,0.0,22.524022392261696
2023-09-27,26.04592461828873,76.22444506846759,0.0,24.90394183746947
2023-09-28,36.530186312528926,70.9977225963903,0.0,20.6353916030987
2023-09-29,13.513102790564485,56.7541623826049,0.0,21.121783693880726
2023-09-30,34.30531001723968,46.41759997689995,1.379329232519219,6.225218402727248
2023-10-01,,89.82747000946267,0.0,14.417559971443907
2023-10-02,17.147930791616393,55.57087813415838,0.0,1.6813978491841963
2023-10-03,28.696827794106166,57.08322145978053,0.0,2.372948420541743
2023-10-04,26.59247756458776,39.81742927150015,3.0732763787940165,24.972315300832264
2023-10-05,20.198264982729643,77.68857292499575,0.0,8.165981235647774
2023-10-06,25.55841667992015,71.62093354688932,3.1081479929471953,18.70459780122116
2023-10-07,,43.24617676732562,0.0,20.16662632567041
2023-10-08,25.908138762009983,34.94286273695056,0.0,21.45058177518073
2023-10-09,30.29704539616837,70.82995812448279,0.0,24.940707435053913
2023-10-10,37.68813452916282,69.27067285686812,0.0,6.037412131421696
2023-10-11,15.097476009385208,46.395571619892564,0.0,1.0087706714924927
2023-10-12,42.06426699725013,87.05181373502462,0.0,10.27978794986465
2023-10-13,9.383297603819985,39.06347350685401,0.498492443961226,3.2520167457236737
2023-10-14,23.785719239715334,55.940088062556114,0.0,0.5606472290513781
2023-10-15,29.706537651876612,86.61695521005593,0.0,9.010670678537153
2023-10-16,27.24793494188026,55.18363901556734,0.0,19.59345627688091
2023-10-17,20.01840384143525,68.31155685984513,0.0,14.154517280626772
2023-10-18,23.335021997141798,53.855663877767654,0.0,7.819449730258851
2023-10-19,21.055992522729337,46.452912140920205,0.0,16.35855013731799
2023-10-20,20.285081944446308,89.0386588775897,0.0,5.800454507720268
2023-10-21,31.796816776168196,54.560040378902585,0.0,0.3595361518021256
2023-10-22,27.85612388772038,83.64595222074806,0.0,19.108834660910684
2023-10-23,,43.79727635346517,0.0,15.593577121600227
2023-10-24,32.196799003466005,42.786282241505,0.0,19.057565612523998
2023-10-25,27.458396167012875,31.86804497307068,0.0,0.9734504171916403
2023-10-26,31.50289695071168,69.10000952255311,1.6966673924200901,20.927990695766304
2023-10-27,,52.11158062342567,0.0,15.488155000907582
2023-10-28,18.368039912623424,81.86149499037822,0.0,14.084883767816002
2023-10-29,20.518551678424245,58.392594401493426,0.0,15.61535120286329
2023-10-30,30.978348840986094,88.09160567488331,0.8144672081772699,21.6108311717091
2023-10-31,29.88296212346772,41.13153094218727,0.05309191042933922,14.673412663972677
2023-11-01,24.832787248286817,82.11739007733664,0.0,14.523759497204484
2023-11-02,25.938619066470256,76.59581116750451,3.563979224278279,24.766978926644146
2023-11-03,35.221319166307396,76.25531067864313,0.0,18.9182541767142
2023-11-04,20.26742888931336,80.68699368701326,0.0,11.057345136278382
2023-11-05,29.3767790493603,75.66143945657993,0.7097119801597861,17.684925000823192
2023-11-06,23.382458780528847,67.57321929788492,5.649592072317046,9.730761792294713
2023-11-07,23.25855037418224,37.87469266094325,0.0,5.721886562087475
2023-11-08,33.79021481589752,31.951570769475115,0.0,14.921296922193985
2023-11-09,31.603330791904238,85.2508708689412,0.0,23.204552452848787
2023-11-10,31.50807708800511,66.99901887124429,0.0,23.22848800038657
2023-11-11,35.44383045723463,77.79223745857058,0.41183902538112394,8.547631952637257
2023-11-12,25.16803073306207,58.891341090753,0.0,13.191936655542374
2023-11-13,30.45562377035971,37.038491337743665,0.0,5.29089746424653
2023-11-14,22.517865947252353,37.511147532153025,0.0,24.890777737472085
2023-11-15,27.593330819907536,71.13391723373829,0.0,24.527947696698394
2023-11-16,23.958855565058524,55.818353693967765,0.0,16.237723242686183
2023-11-17,25.775967719941747,42.0314836020202,0.0,20.110351491936836
2023-11-18,29.761256203495307,59.49567280448621,1.3721888291937,17.8775040320925
2023-11-19,18.45423453413222,33.85253622450804,1.1484210082822626,14.828955475986705
2023-11-20,41.739098205483685,64.91828411486392,0.0,1.3336999247224424
2023-11-21,16.951860948002384,46.13960426610586,2.9007093979347705,11.369108563816527
2023-11-22,15.286491097698143,77.85354603823129,0.34610886152079895,16.869657554185263
2023-11-23,34.26488698800054,48.621717535414426,1.884372025833694,16.938290347092117
2023-11-24,31.333301551703485,57.31320894490807,0.0,9.32806546055959
2023-11-25,29.99295853641724,30.697232394486036,0.0,23.542299666450763
2023-11-26,30.02676407411424,34.34681326767353,0.0,4.183925805919525
2023-11-27,24.902025817224683,53.549613384401084,0.0,12.508986155389016
2023-11-28,17.821965028113347,58.796330083027414,0.0,17.27209941377057
2023-11-29,25.606436465549812,66.00123288715822,0.0,17.42839514729523
2023-11-30,19.582706307903106,47.499754722558194,0.0,16.21597391922039
2023-12-01,32.80095786734201,71.69891316759255,0.6068254627127664,6.882205336296504
2023-12-02,23.82354094798289,81.60734383135227,0.0,3.905164217165549
2023-12-03,18.396022425659908,76.791059333601,0.0,15.898508170667771
2023-12-04,22.428913266776053,32.37712952090143,0.5741543771272133,14.982552903485944
2023-12-05,28.303451634204993,58.830416835469734,0.6347703513083895,4.483900257231024
2023-12-06,20.490203577568202,36.29581070509049,2.849224507194322,17.628478639264085
2023-12-07,18.42223683546855,44.522700951751645,1.194728197730114,11.37929979334141
2023-12-08,26.9494976919353,89.19975559602878,0.0,16.694014790078825
2023-12-09,26.959732568869782,38.5497325740908,0.13520087752385032,20.934176994253768
2023-12-10,20.944454597030962,59.933289207081366,0.0,4.243210714423079
2023-12-11,21.23169355505342,67.08934405908715,0.0,0.47862169992091697
2023-12-12,26.85639949886109,72.14789823264624,0.0,19.477564659894668
2023-12-13,13.415325268021407,63.578921009214845,0.0,15.242435628815398
2023-12-14,13.740289804987558,30.58625084515102,0.0,17.49098924055304
2023-12-15,19.252446229980514,49.58767849463951,0.0,20.953874374716065
2023-12-16,23.292422786305224,61.06269860308269,1.0589828438371227,20.07027337061251
2023-12-17,27.487260524784038,35.27198994869,0.0,24.023003673220618
2023-12-18,36.80284973559642,51.037615872550845,0.0,13.398376971302955
2023-12-19,31.861276985616154,31.992186527481994,0.04413009871000306,12.212390816497635
2023-12-20,23.72049176029258,34.71470982930124,0.0,10.047179997268252
2023-12-21,24.847870336778488,53.815396572095764,0.0,3.8422760711051134
2023-12-22,16.97976508289753,37.96294524258362,0.0,14.31518082205056
2023-12-23,24.85189491206088,64.05245089569348,0.0,6.92531310814947
2023-12-24,22.690730888638893,71.36789814823595,0.0,23.032687805324386
2023-12-25,27.581748482704715,78.03520194654497,1.0852977045945922,14.57977010692744
2023-12-26,18.382152451581415,42.009014654688606,0.0,14.821004512702753
2023-12-27,29.15477211392938,40.04895493554419,0.0,8.873116521925251
2023-12-28,37.26191130402062,36.274070420064014,7.958152357683365,1.2997337994426872
2023-12-29,24.12991881234514,68.1858149726182,0.5928538951673028,0.7935941343247155
2023-12-30,28.21369377679153,72.38854358921407,0.0,10.583378603829937
2023-12-31,30.5211519336889,31.895168689538522,0.0,2.1141344524309464
2024-01-01,21.79023622491331,86.17273477462139,0.0,15.171173888503478
2024-01-02,26.792739854483333,33.118277019088346,0.0,22.024325140991436
2024-01-03,25.10073920625436,62.47778011806423,0.0,22.072870412968054
2024-01-04,25.781408788390653,72.54363116705498,0.0,16.47613525330581
2024-01-05,18.81592172915627,82.25814742476513,0.8600475535058212,5.280795786823275
2024-01-06,25.19608139407154,72.84521592794567,0.0,21.574920783971802
2024-01-07,28.9839863299636,78.10368498418751,0.0,22.152335882830204
2024-01-08,36.609148862360335,50.367011552568364,0.0,4.916339623823967
2024-01-09,32.67416660868165,78.88950682479074,0.0,18.435652144266932
2024-01-10,42.225459660092454,34.806890783080505,0.0,7.162988723178073
2024-01-11,18.861219496895604,83.68899936363167,0.0,20.06600780882324
2024-01-12,31.978565093765425,62.85554256922418,1.482117289570887,24.93094749759007
2024-01-13,26.466736045906814,79.03786619774962,0.0,0.7506501332348203
2024-01-14,42.51842346574138,57.13909707109801,0.0,22.434146644773296
2024-01-15,18.533613717158786,68.6146617117915,0.0,15.565763339966452
2024-01-16,18.28222526255379,61.58415965616679,0.0,24.334565479120528
2024-01-17,20.204858836447823,73.89537130531991,0.0,11.62523793816069
2024-01-18,8.008834205521545,34.897798921835374,0.0,21.184698264284343
2024-01-19,20.793959826553913,33.62112503943383,0.0,1.5598517149569306
2024-01-20,18.926938707570415,44.82619404060878,0.0,8.381976251957393
2024-01-21,26.20315029180966,39.5726808067913,1.32599763682987,1.6754134437802493
2024-01-22,27.734047806217276,82.3070139955321,0.3625031552436329,24.383578336976765
2024-01-23,40.00936671372709,43.15283924148266,5.826393854798992,20.42434768179592
2024-01-24,32.6033907054884,88.55191534914788,3.79391161646937,21.31368553114926
2024-01-25,20.384770754700774,50.213747506266415,0.0,23.449130785847355
2024-01-26,17.812682629213135,40.927074941321955,1.2408924793377714,2.127587152994634
2024-01-27,28.935353372052045,77.38191042854875,0.0,9.639939812833335
2024-01-28,14.438134343834863,69.52246653005257,2.105214668628117,1.775872226100053
2024-01-29,39.65167012683483,59.89174298718834,1.5768149486075849,5.269827538750715
2024-01-30,34.435520965770294,63.321813056257874,0.1285930600542531,5.734144425941809
2024-01-31,21.24659478316236,73.15210669633584,1.4369408438680709,11.727680276189467
2024-02-01,11.29492376727298,43.70728447987793,0.0,6.714054186341064
2024-02-02,35.8309789933233,89.78003496340452,0.0,2.5244526704440275
2024-02-03,24.083681237979057,88.487589728807,0.0,4.187277227352693
2024-02-04,34.902530495787694,69.01954118081622,0.0,3.681889088802273
2024-02-05,12.244578729645063,41.972547055748706,0.0,24.326919947807458
2024-02-06,20.204999816369817,70.81369454587748,0.0,18.98231267296184
2024-02-07,25.041949597745464,34.33190453875055,0.3599438868348033,24.19403663173905
2024-02-08,25.375844750117935,31.839150132348365,0.0,10.993512162697714
2024-02-09,21.39947622816605,45.46097331067282,2.8273434956330323,6.959212041566415
2024-02-10,29.98279945877999,57.75737740435898,1.4653810670480858,19.957329930229665
2024-02-11,16.459036564939247,82.09635032450282,0.45852766957417684,8.15634795102867
2024-02-12,23.860964119829653,73.63014418597848,4.204684802530975,7.484584342633707
2024-02-13,25.96236505369519,74.56239127199886,0.0,5.81264980519578
2024-02-14,29.11551067246999,55.52960006688452,4.089360360204873,3.2419744556058836
2024-02-15,30.692919024711117,50.75609955281777,0.5457083328138416,6.411576525419149
2024-02-16,16.002863265297044,52.262325779076164,0.0,8.882993711847192
2024-02-17,12.727086634115022,89.25897382416346,0.0,16.84985520364326
2024-02-18,35.22141457518807,32.406551484748945,2.956928744365557,1.5641210554862894
2024-02-19,27.658512095836734,82.02188976734692,0.0,5.262673491633574
2024-02-20,19.01210770754757,64.7205245143436,0.0,20.22559100729191
2024-02-21,37.409215804180185,56.31692515137543,0.0,3.673048089594269
2024-02-22,25.925397074342868,73.51545962490819,0.0,8.566128663063038
2024-02-23,34.43437747251061,59.200136485482176,0.0,21.616473046453503
2024-02-24,25.54014785128087,82.40539428489964,1.3775634780977841,3.8731327785860663
2024-02-25,41.4859833990559,84.04211184067552,0.0,2.0684208904547474
2024-02-26,39.042726739545635,55.30325561240733,0.0,12.11344987700027
2024-02-27,23.008286812167412,46.60966783410309,0.0,7.56048778196341
2024-02-28,32.77256760763484,65.54101971560173,0.0,14.085209112096353
2024-02-29,30.16300759668118,84.74180073700145,2.9887558366767433,20.09512226208688
2024-03-01,35.94905246025879,42.63973134033999,0.0,3.428712203818579
2024-03-02,17.280612315359164,67.37799501380897,0.0,14.517477113857124
2024-03-03,30.488411679987514,67.89361320555123,0.0,12.637719009746599
2024-03-04,33.4673958947967,73.98678134491686,0.0,3.6019696503299894
2024-03-05,10.930084108615086,37.894061107635586,3.148666886434948,15.59996213822456
2024-03-06,15.5339318986738,72.94949788092532,1.7235736818792897,6.841010446519292
2024-03-07,8.686142577919195,84.54195123993847,0.0,12.195857963600313
2024-03-08,22.844745324443537,40.78098653221452,0.0,2.056808106926547
2024-03-09,30.740338046367697,44.25259949543266,0.0,11.489601430340576
2024-03-10,37.01885641676822,88.28370564249838,0.0,7.661586701070508
2024-03-11,25.5927582433582,40.85861716256939,0.0,20.559530279633858
2024-03-12,38.02892436457034,81.26310560217475,0.0,1.424468174934207
2024-03-13,13.959188334280869,59.53667138688209,0.0,10.465181872958249
2024-03-14,11.372940485158763,44.833864464190626,0.0,11.46078560328595
2024-03-15,24.55561840882705,82.24499407635068,0.7618230895914206,18.125151907477967
2024-03-16,28.072523591514457,56.71831530015993,3.8923299610267246,14.357189377255274
2024-03-17,24.738442015247255,60.88904123578141,0.0,16.680308429854527
2024-03-18,8.460463199680987,51.55400216398594,0.6484279191409288,19.4262321412939
2024-03-19,24.287039683897692,65.57705108609565,0.0,21.55507434145472
2024-03-20,14.564243995961174,39.81143235510137,0.0,7.846887418061763
2024-03-21,30.35738039064031,53.46489219910564,0.4513326326293516,13.450567634097574
2024-03-22,27.932785968774787,88.16473934011725,0.40723300053514344,21.002701960979998
2024-03-23,17.48096170938116,45.48800596206765,4.488438228368265,24.736278274126413
2024-03-24,20.889064661306453,69.40419987247753,0.0,22.23798277609408
2024-03-25,16.52629182488839,49.511403853481696,0.0,9.28668156560942
2024-03-26,24.498567221814625,76.40838754119605,1.1607923897797439,4.8791629304662605
2024-03-27,32.64113856400991,37.85241964310099,0.0,12.234813435164718
2024-03-28,17.11419162931565,88.18926270471269,0.0,18.541036295901055
2024-03-29,29.032372124142753,57.22737248301836,0.0,12.31422676883244
2024-03-30,20.757939053020472,44.16302780078784,0.0,12.079521582841712
2024-03-31,18.657017341901245,34.409804839800756,0.0,20.955760527045015
2024-04-01,24.14375712036354,40.18547430525244,0.0,9.035094476679658
2024-04-02,16.718061420645007,61.186436913361064,1.0817484540587896,21.49486687029114
2024-04-03,20.570805557222542,50.22019058587718,0.0,10.170120023793089
2024-04-04,15.416976859289212,79.73300195295657,0.0,8.205827641958486
2024-04-05,40.717801063331116,55.85325141970836,0.0,11.349747779992475
2024-04-06,25.28210841577383,44.92285635525779,0.0,19.06117396687171
2024-04-07,19.402195936059314,67.0286991962418,0.0,3.150050696599857
2024-04-08,26.711839285873776,72.40663301312675,0.0,4.910480396800435
2024-04-09,24.10137560247336,40.02251447405699,0.3540314889653688,23.7861206415773
2024-04-10,23.232243203734217,40.05715297729906,0.0,4.387290684533935
2024-04-11,29.9133336003474,32.20028561601258,1.6408508834277513,14.193182948276364
2024-04-12,31.06006168037844,74.18412090393844,0.0,14.482861666548446
2024-04-13,20.75599081911578,69.8282716573083,0.0,12.24061155125612
2024-04-14,20.39345407484256,58.477852544988835,0.0,16.118631214420464
2024-04-15,22.79958642278685,80.65022693815183,0.0,5.745668144940461
2024-04-16,6.584630682115321,78.34020917700319,2.629782587521185,13.816556694418706
2024-04-17,12.878471502411582,65.12126186380513,0.0,9.304331381172428
2024-04-18,35.934994139556196,82.09627683079552,0.0,16.541681490729726
2024-04-19,38.15974170801027,42.350472602206096,3.419218429222009,3.5305885843287363
2024-04-20,23.007711683548973,36.71517716386367,1.556511668598201,14.271935420986907
2024-04-21,29.61245570444613,46.18497669101937,2.477423886624125,4.631758884583093
2024-04-22,27.490001236348288,33.42521136535889,0.0,6.96607657787591
2024-04-23,49.6310464676419,61.87017168006192,1.2741685735789232,5.46774500808958
2024-04-24,33.956599291476614,86.19634153769769,0.0,4.570944496720427
2024-04-25,23.976659268153867,32.36061244011058,0.0,20.642773789016676
2024-04-26,17.355676475196596,37.32659484060161,0.0,7.142689191522258
2024-04-27,12.14842943793942,57.13194169700611,0.0,23.178094546611234
2024-04-28,26.627709086937784,86.0325010516743,0.0,24.24816313362977
2024-04-29,18.949194037725572,48.96936629860503,0.0,14.281511748427434
2024-04-30,13.621970323218607,60.43408852130355,0.3817438378825912,3.57502806664316
2024-05-01,19.827416926059787,32.494371543023526,0.0,9.363706084489532
2024-05-02,16.347615971084842,38.90059205772533,0.0,19.94330658370535
2024-05-03,38.49713308058052,89.19780737753081,0.0,9.184768217426761
2024-05-04,32.053118055595604,87.90712178616273,0.5485424366162706,2.1754304575697185
2024-05-05,24.936218869467062,30.296398856064577,0.0,13.919622773204699
2024-05-06,36.83955311112021,87.10870712539435,0.0,21.12802128740087
2024-05-07,25.618946461180947,68.34719626893002,1.1969506958404244,19.89815967858756
2024-05-08,18.10972638937389,82.07509767120132,2.7632213889676454,4.3780785032588305
2024-05-09,37.18499261815726,57.28439133803155,0.0,16.819115360311667
2024-05-10,29.31128034947727,60.93576171475502,0.0,5.512606585891177
2024-05-11,16.70203076538835,59.33079481541521,0.868886742813942,5.4551883638043055
2024-05-12,23.477290575331136,70.01185545276627,0.0,21.85179433262963
2024-05-13,17.995053972921944,38.379075285378775,0.0,6.241723818505754
2024-05-14,13.937602152285312,31.798415392360678,7.736484833189782,6.58118366295028
2024-05-15,32.40942038025313,48.47579649547146,0.0,0.01633476903248887
2024-05-16,40.275333123761044,72.2808457641988,0.0,21.76672585313794
2024-05-17,13.81145940944687,42.1112071273769,0.0,19.814870330228366
2024-05-18,29.503753893524568,70.40594599949503,0.0,15.68322337726695
2024-05-19,19.794859447025384,88.19472276643623,0.0,18.756644098471057
2024-05-20,21.10299692988243,35.6340429473651,0.14436981013908864,3.801214185612295
2024-05-21,20.26084860608905,70.35612709350758,0.0,11.458089864689386
2024-05-22,18.08807384256147,56.62501315827427,0.0,8.780484683719521
2024-05-23,25.388173023558615,82.08853526265032,0.0,2.3444131564254125
2024-05-24,18.352399068711698,40.628987366843155,0.0,12.153262130373102
2024-05-25,27.163654606238712,71.55755713356987,0.6549982787574946,23.018491258565884
2024-05-26,24.598095124406903,80.28691737888661,0.0,1.001477976267362
2024-05-27,23.088415625068723,86.6768531684414,0.0,7.286522837344847
2024-05-28,17.739490703667215,70.99488169737876,0.0,5.188523405142586
2024-05-29,20.38582935545334,59.83048584050564,0.0,5.953666341642408
2024-05-30,31.043129806606046,67.07083441207283,0.0,22.71086379698438
2024-05-31,29.007337500995046,82.1342990687231,0.06750523842112144,11.701726355857254
2024-06-01,17.179558041611593,64.23658479832977,0.7246572238024186,11.65748532349547
2024-06-02,25.794658443433807,31.82322358181021,0.0,19.014391061382057
2024-06-03,31.011096986974312,85.85692173041866,0.0,3.862305100123145
2024-06-04,11.644757751029026,71.37160506189366,4.099058532192799,12.18163385250127
2024-06-05,29.34688153903948,70.59080314663478,2.905422049494756,10.749630353026493
2024-06-06,19.699009928433227,42.94050914386303,0.0,14.922767263666403
2024-06-07,29.564789348745276,69.53312821395943,0.0,24.988942581260964
2024-06-08,18.893926747659865,53.63186433924951,0.0,19.236222352051175
2024-06-09,10.560943194683848,69.07397862248953,4.754510184390181,9.94664257543568
2024-06-10,11.979660496934699,36.39558181847944,2.2217684348401376,20.688826306851173
2024-06-11,25.384679573291056,69.47071827618217,0.0,4.267709082812004
2024-06-12,27.077780013771854,89.96482354623998,0.0,0.7615921577240031
2024-06-13,17.76546699916473,32.892722331633365,1.1849954467678743,5.111209311606826
2024-06-14,30.10873967021899,88.63045105327905,1.233699649605991,8.510288902856491
2024-06-15,11.707839501848321,54.41447764337224,3.9985063837139285,12.764518936488997
2024-06-16,24.471361610821468,82.24520702023554,1.5821737979715287,15.378228513529995
2024-06-17,15.311870401900347,76.94312904349641,0.0,22.765142930360543
2024-06-18,19.785311137582728,64.02097565920008,0.0,12.746350238761442
2024-06-19,25.37918937053131,74.30695255507959,0.0,12.531891115643234
2024-06-20,18.11669307772838,82.71093367808086,0.0,1.2560752455745532
2024-06-21,21.923555646161397,54.24841929906198,0.0,0.8727888164055952
2024-06-22,33.050342473715524,49.62198969379432,2.6934098993262916,13.778999047909302
2024-06-23,20.38486504381481,70.05560313381508,0.0,10.954465331208613
2024-06-24,31.685536896521135,78.47075651647552,0.6571118298280387,20.979509874507464
2024-06-25,15.962345162739055,75.73710808659695,0.0,4.0169896177961295
2024-06-26,29.238433423322263,77.86881893151806,0.6912389358365987,0.62429155292624
2024-06-27,36.5325489652632,56.13499888877598,0.0,11.225969198253146
2024-06-28,5.2268439989816855,79.0700529705013,0.0,5.936963918806438
2024-06-29,18.624837956236185,37.212543322236506,0.0,1.2403593334709362
2024-06-30,29.61657701744432,62.669345877650976,0.0,18.114957171190724
2024-07-01,23.37563691165606,30.345519629887296,6.583449944872794,2.789824998931187
2024-07-02,27.96916698697047,49.47514979401622,2.594158104329366,15.207987500194292
2024-07-03,20.168118506273437,51.98769209228387,0.0,7.026243754172229
2024-07-04,25.6927182997832,53.770361496555324,0.0,4.33740125887555
2024-07-05,23.754582116863364,71.72803240139173,0.0,9.493788072982937
2024-07-06,34.342256493278455,53.31348607622074,0.0,20.036144405573843
2024-07-07,27.035366746409704,56.921617357351835,0.23887468496218844,9.802339422614317
2024-07-08,27.700821296601617,44.252647852459646,2.4326710000883733,18.769241230276393
2024-07-09,,52.39510749776041,0.0,3.137157419978767
2024-07-10,21.099150207420053,43.63617763578909,0.20303464305301905,19.319285491626978
2024-07-11,21.539534497443032,34.39175542610662,0.0,5.923333122666216
2024-07-12,28.155617139026376,66.20691560288267,0.02496321695005604,16.93482824722182
2024-07-13,21.632124153437896,70.09276791330097,0.0,14.144538871024908
2024-07-14,27.318198855171303,67.16942076057687,0.7169681896743889,23.228617930292184
2024-07-15,41.60320638916351,57.80964262803434,1.824385700831144,9.683062949382851
2024-07-16,31.96899762745354,52.78714681075379,0.0,1.654129720861011
2024-07-17,22.39181174265727,81.80001897430952,0.7131187912493482,0.4788871387813226
2024-07-18,34.609711377311555,61.144907108173086,0.0,20.671464024318826
2024-07-19,21.735397015827587,58.75091265778386,0.0,13.118390941535804
2024-07-20,8.69500371857717,31.538523948386143,0.0,19.38110129587373
2024-07-21,16.935309512660766,50.474869657569386,3.8246550632281524,5.860640000287868
2024-07-22,10.033664631793155,52.811737127151424,2.204064359026824,8.627093637830843
2024-07-23,22.18789212766953,53.92936685381403,1.7989732801526803,0.7525968052829735
2024-07-24,25.147347033516414,64.81034215363994,4.456857780886112,24.037308114352804
2024-07-25,38.41149849820226,62.016152803612705,0.0,16.696697667520336
2024-07-26,27.6154189901133,66.47430556760668,0.16452352064820483,23.330127193982655
2024-07-27,23.247195769529085,75.8929956925277,0.0,6.637410185726808
2024-07-28,31.635244649467914,78.7791443229656,0.0,15.286590280641521
2024-07-29,7.310917527936919,73.08738457358967,0.0,16.962499207315947
2024-07-30,26.884916464868528,87.33142175729608,1.7484118784391343,7.938742506439711
2024-07-31,31.166921551095733,31.093954960581698,10.779776217720167,21.202730875390753
2024-08-01,13.171310033761268,41.74667914101276,0.0,23.679036572506195
2024-08-02,34.15003234565543,30.453772498688526,0.0,22.12137794240011
2024-08-03,27.707971259955315,68.84848284927618,0.13151246430506303,18.476674398484313
2024-08-04,21.67769668879359,83.88183293699922,0.0,6.936616993123851
2024-08-05,30.06225492885028,44.608937794577955,1.827480515087411,7.040401052640793
2024-08-06,43.16554286243517,85.6220726877784,0.24418385460563458,24.08400801115095
2024-08-07,26.45493004046796,33.61604341737365,0.0,0.2571123983923007
2024-08-08,26.98576469040269,86.06616160833086,0.0,17.901249331053613
2024-08-09,21.325112803678046,51.09736123437806,2.2124842213761022,17.656154063881555
2024-08-10,18.201245044281666,36.08524970695299,3.5355406390448096,15.567238523744937
2024-08-11,31.642686532353963,59.15230555117954,0.0,24.752721152171645
2024-08-12,18.15132939272906,45.40659406323048,1.6962006741298403,7.7969858940931305
2024-08-13,25.57252989775514,47.092374117715366,0.0,8.499296594831204
2024-08-14,21.178740425879067,48.43739789557719,0.0,1.9734850736638887
2024-08-15,28.831838605971136,78.1815538699598,0.7623644402267663,11.069953413593437
2024-08-16,27.669296842295587,62.34967660051527,1.1404293797662677,6.526213155871202
2024-08-17,33.30031955406319,48.67846194936022,0.0,8.584667554441106
2024-08-18,20.919868809162026,66.6200269986551,1.8422218156342205,20.86429475639069
2024-08-19,22.84100051765303,72.96904045339161,0.0,23.38711283818739
2024-08-20,17.16989027374154,46.35744004401202,0.0,4.643326800129641
2024-08-21,21.445653919391106,54.81294609152109,0.0,9.312723288836647
2024-08-22,28.018403944358816,37.313165600216855,1.995584919381853,23.21576405288485
2024-08-23,31.055908933162815,40.86896097208082,0.0,1.5452115172305658
2024-08-24,17.622677406578998,70.86707123789897,0.0,2.3090132027844628
2024-08-25,31.95684736084528,40.88630086173762,0.0,4.069774730155734
2024-08-26,35.845102870439604,61.50980302002361,1.4363711938048278,14.880320853171868
2024-08-27,28.307479225789606,72.54277570334597,0.0,3.7618067751499367
2024-08-28,40.014366500464526,36.41261538568463,0.9706774749981193,24.20190953626834
2024-08-29,18.809686407171416,64.03873317773422,0.0,11.167863181463009
2024-08-30,15.042762373508664,45.393767022081825,0.0,12.53794900875416
2024-08-31,10.770238008765771,87.77561251425479,0.0,6.1664653951351625
2024-09-01,36.968354491913466,59.01273880319548,1.8358394486662004,11.774006310868337
2024-09-02,30.23492525083246,78.35955298650948,2.721985652713184,16.547840815925287
2024-09-03,24.555322632716358,63.01359252937571,0.0,18.77942842385107
2024-09-04,27.239749010558562,32.60475197128915,0.0,18.846702067747824
2024-09-05,15.996087621612988,67.98908253564134,0.0,14.447277817352209
2024-09-06,44.56601583693461,87.08420053239942,0.0,22.608994374846432
2024-09-07,26.03376945580182,66.09670920877987,0.0,20.435196182652735
2024-09-08,25.875158356839144,79.15133156560742,0.0,18.926202867465637
2024-09-09,30.806132991189536,83.05238780090447,0.0,1.3901380420115155
2024-09-10,28.848073853893705,43.68478631693595,0.0,0.17194905549123285
2024-09-11,26.791072194233053,42.7226903944936,0.0,5.311181929886824
2024-09-12,18.676204356437506,66.6588593310595,7.117997798463182,16.588089847836308
2024-09-13,28.771746857087965,54.66170818840229,0.0,10.279937222063646
2024-09-14,40.05619597180027,80.39167817200322,0.0,10.060156482482792
2024-09-15,35.76336036923982,84.00138740388067,0.43655510089128596,22.114672205740344
2024-09-16,37.74549301311518,51.20528275816309,0.0,22.38907120329597
2024-09-17,20.910274588550518,44.21223353846892,0.0,22.729381601339643
2024-09-18,17.083161437931352,76.83153091463171,0.0,7.846951912875682
2024-09-19,23.993704639202814,46.48836213288817,0.0,17.276395318481544
2024-09-20,25.445799298309556,79.3568591108207,0.0,6.790829531859241
2024-09-21,33.75353214776759,55.42429521892577,0.0,4.7652458268612445
2024-09-22,11.460282962281445,70.05299395748823,0.4945364737348612,4.615811433684231
2024-09-23,37.23640255568491,35.73211883008009,0.0,8.55269052158985
2024-09-24,23.735936811368084,67.43155948059439,0.0,10.748940494495542
2024-09-25,21.58495144042064,57.10606072423374,0.0,20.77372927637671
2024-09-26,16.90316499791866,65.19650779052844,0.0,2.9972773368178025
2024-09-27,11.761146625073845,40.0808524646918,0.0,18.373146184872354
2024-09-28,31.585364671695316,74.21242469665093,1.4376182019761252,13.286372854732633
2024-09-29,25.58654373750723,81.7678246525937,0.0,7.198633566899812
2024-09-30,14.680312802071569,43.00438800544654,0.0,12.320489613320614
2024-10-01,14.639369823491071,35.7428733312097,0.0,7.4985517444255665
2024-10-02,22.313722405678973,31.418315162780182,0.0,14.902048880957649
2024-10-03,38.352172202315145,68.51829002659596,1.919787952419908,10.846098071381105
2024-10-04,22.92326918909116,66.42564216532685,0.0,4.110138226971968
2024-10-05,12.97485637505515,62.8018447628442,0.0,2.914576863892418
2024-10-06,23.034055487312447,43.916825766958524,0.0,13.667392051803255
2024-10-07,22.818211442018637,53.45435975433088,4.146482004597833,22.560325832152586
2024-10-08,3.4249068564674268,65.66858011117039,0.0,8.598942163942139
2024-10-09,,59.80601153155016,0.0,18.32500268056558
2024-10-10,23.152523758330577,89.26713121289325,9.87203148395622,16.466533873494175
2024-10-11,30.569650918507346,38.18638515340399,0.2819503318319631,23.288872857737026
2024-10-12,39.79164875956276,71.70867324285562,0.0,20.524525432478523
2024-10-13,34.01252023638206,54.259126086257524,0.0,14.165131472636574
2024-10-14,22.848890475561355,55.69197689553688,0.0,16.425762455852684
2024-10-15,16.147792730066637,73.05586593949057,0.0,22.459661664600873
2024-10-16,45.58687842599888,71.54616907946217,0.0,9.98796961467337
2024-10-17,25.473747472115907,89.4753596221313,0.0,8.169867646444434
2024-10-18,25.11143433530357,37.703657367247516,0.0,0.2702770908799085
2024-10-19,24.806999303119973,36.246578963049984,0.0,20.663776854786605
2024-10-20,26.58467808614284,73.46032902772447,0.0,20.024517510084124
2024-10-21,23.84511670460846,64.70321502038455,6.204876787596312,2.6113629525037845
2024-10-22,20.410703944958108,46.44963999358835,0.0,14.421434528317507
2024-10-23,20.625128470076863,34.765162139339196,0.0,11.599542454172184
2024-10-24,24.737973838272012,35.13949497578583,0.0,2.9677273877277868
2024-10-25,20.652601830929882,83.6514524798471,0.10497829499008912,24.51420567651809
2024-10-26,19.297233738582683,41.512039483124575,0.0,5.367397186583886
2024-10-27,25.851441821535175,49.40229372693125,0.0,1.6808545022640287
2024-10-28,22.960182260633157,43.59938413361928,0.0,14.87118448754774
2024-10-29,37.03194390866151,51.29977834991624,0.0,18.471666928325817
2024-10-30,3.792241532855904,34.1654305647656,0.0,0.8110861511796741
2024-10-31,33.7320548153797,61.14358745449622,0.0,16.467940968175554
2024-11-01,34.968681539981034,34.05675381553289,0.0,13.307296898786362
2024-11-02,8.412878140734804,78.0213904693417,0.9210668962374787,2.5816252218762106
2024-11-03,22.25849924735721,44.02272491462598,0.0,4.313096923659051
2024-11-04,22.02847307203367,62.400714876270634,0.0,14.199357432902012
2024-11-05,13.73990644225743,82.80474525368749,2.782035379456148,7.40894033783221
2024-11-06,18.777466499272997,69.05264214283164,0.0,23.4578932162829
2024-11-07,16.11539323627337,61.977467193080116,0.0,20.46850573710127
2024-11-08,39.01816354738898,49.460025186922536,0.0,24.589180162841576
2024-11-09,32.48542714517969,49.98011478349187,0.0,6.4917709737603495
2024-11-10,35.17244075995327,70.1692173118914,2.208693277681835,24.243090819949426
2024-11-11,30.77337651234588,89.64836167327005,2.2705730233993657,10.780846744788947
2024-11-12,15.967585830262166,69.71035139096271,0.0,8.687969882843866
2024-11-13,20.80383786976181,63.46700504220149,0.0,1.258738174233831
2024-11-14,28.914996489823345,73.83903061435477,0.02036570750508617,1.3191314464900654
2024-11-15,15.222977528864437,57.91233673702309,2.021730619852085,17.300281398666367
2024-11-16,30.703987441379105,33.60854055604711,4.890301719079625,11.448224860850697
2024-11-17,23.077396814734918,63.73780895267459,0.0,5.6630406509026425
2024-11-18,22.00143353960322,87.45751707032281,0.0,15.349257658130815
2024-11-19,30.687679745627932,40.51817654145958,2.5745135858143215,6.321452956252779
2024-11-20,28.55410649188832,71.40029344923994,0.0,14.440793858610565
2024-11-21,,42.05602131954339,0.0,8.980218674567258
2024-11-22,34.27463842691398,62.14966106838487,0.0,20.588805665295475
2024-11-23,16.35149337920082,35.800586978803175,0.0,20.517404019169483
2024-11-24,29.92748485555411,57.02225617549111,0.0,11.933759953060033
2024-11-25,29.74481006374707,75.36979973371476,0.0,8.77047773337539
2024-11-26,22.52362848548808,50.85429145433892,1.0964813712874752,9.063994913977364
2024-11-27,27.609064177936943,69.89470346923308,0.0,20.142863141705448
2024-11-28,14.991091388917576,77.72699764738375,1.3310659484463183,8.2044870699403
2024-11-29,32.392216153655205,85.63066916876716,0.0,5.22648434267115
2024-11-30,23.520782908456088,44.078524911327214,0.0,2.1172085468826705
2024-12-01,20.818215835847685,53.958954948558485,0.26250408776936296,11.66732802211021
2024-12-02,33.392073806695116,39.14496079982504,0.0,12.053302472996046
2024-12-03,19.365250475657927,89.5490101295025,0.0,21.02271776007268
2024-12-04,13.732309629091523,85.62005807545772,0.0,5.530967411151599
2024-12-05,12.54696661180877,62.39742781683358,0.0,9.524781841709999
2024-12-06,29.84807961076512,80.52199766258528,3.7364737989947363,20.210143472342274
2024-12-07,14.756565180029735,61.25747863632253,2.358513728205395,20.590590268724338
2024-12-08,39.03835345587492,67.41514128016559,0.0,9.615276899469205
2024-12-09,8.344564736930224,35.34746592696099,0.0,11.478100582167022
2024-12-10,38.571650946320304,75.31622522980848,0.0,7.582147271232073
2024-12-11,26.688139737620947,37.66280901811409,0.731470295761989,23.3138719604828
2024-12-12,24.22629510503686,79.5640578151517,0.0,2.966094143539508
2024-12-13,20.640647305528404,76.92168526022316,0.0,23.34373557503675
2024-12-14,28.193088914816567,72.52468186457858,0.0,17.09666129588358
2024-12-15,24.698922380601214,32.169622831485725,0.0,13.28930381716828
2024-12-16,33.82641505613217,48.187701356719714,0.0,0.8164765196123969
2024-12-17,25.913821189296318,45.78675419465057,4.969059101986354,11.889904795550207
2024-12-18,26.202414091695022,51.60818444829114,0.0,10.193702625068306
2024-12-19,22.09110230228915,35.25856480583031,0.0,4.030470299378064
2024-12-20,24.54443501023146,86.21746938186376,1.7454988597001666,16.410240087516424
2024-12-21,27.462414151136475,63.22813444274258,0.9277963659451799,24.278772684207144
2024-12-22,11.318652858746995,48.33145863948141,0.0,14.054720276613129
2024-12-23,14.214516623154296,53.818891024457,0.0,17.868831911098646
2024-12-24,30.94611275218172,56.83215243029014,0.0,1.7112613141504196
2024-12-25,26.366923505023536,66.03566000163704,0.0,10.441674895424867
2024-12-26,23.528133309178568,60.94076566178987,0.0,2.908962129112397
2024-12-27,25.147471464523147,85.16351839286504,0.0,15.31989588841276
2024-12-28,27.78065364289337,59.817808974349816,0.0,23.462053955353866
2024-12-29,20.68192255752511,89.52948088939877,4.4163148810741335,16.544443311790964
2024-12-30,18.773562196781498,81.08549746470575,0.0,1.9200762078605382
